{
    "hotCities": [{
        "name": "北京"
    }, {
        "name": "上海"
    }, {
        "name": "广州"
    }, {
        "name": "深圳"
    }, {
        "name": "南京"
    }, {
        "name": "武汉"
    }, {
        "name": "杭州"
    }, {
        "name": "西安"
    }, {
        "name": "郑州"
    }, {
        "name": "成都"
    }, {
        "name": "长沙"
    }, {
        "name": "天津"
    }],
    "cityList": [{
        "citys": [{
            "name": "安顺"
        }, {
            "name": "安阳"
        }, {
            "name": "鞍山"
        }, {
            "name": "安图"
        }, {
            "name": "安多"
        }],
        "title": "A"
    }, {
        "citys": [{
            "name": "霸州"
        }, {
            "name": "白银市"
        }, {
            "name": "保定"
        }, {
            "name": "巴中"
        }, {
            "name": "北票"
        }, {
            "name": "包头"
        }, {
            "name": "北碚"
        }, {
            "name": "蚌埠"
        }, {
            "name": "博鳌"
        }, {
            "name": "宝鸡"
        }, {
            "name": "宾阳"
        }, {
            "name": "白河东"
        }, {
            "name": "北京"
        }],
        "title": "B"
    }, {
        "citys": [{
            "name": "滁州"
        }, {
            "name": "昌图"
        }, {
            "name": "承德"
        }, {
            "name": "重庆"
        }, {
            "name": "赤壁"
        }, {
            "name": "长寿"
        }, {
            "name": "沧州"
        }, {
            "name": "郴州"
        }, {
            "name": "巢湖"
        }, {
            "name": "赤峰"
        }, {
            "name": "长兴"
        }, {
            "name": "朝阳"
        }, {
            "name": "长沙"
        }, {
            "name": "长汀"
        }, {
            "name": "长治"
        }, {
            "name": "长春"
        }, {
            "name": "常州"
        }, {
            "name": "澄城"
        }, {
            "name": "茶陵"
        }, {
            "name": "成都"
        }],
        "title": "C"
    }, {
        "citys": [{
            "name": "德兴"
        }, {
            "name": "大安"
        }, {
            "name": "定州"
        }, {
            "name": "东营"
        }, {
            "name": "东方"
        }, {
            "name": "东莞"
        }, {
            "name": "大连"
        }, {
            "name": "丹东"
        }, {
            "name": "东胜"
        }, {
            "name": "丹阳"
        }, {
            "name": "大武口"
        }, {
            "name": "大石头"
        }, {
            "name": "定西"
        }, {
            "name": "东乡"
        }, {
            "name": "德州"
        }, {
            "name": "都匀"
        }, {
            "name": "德清"
        }, {
            "name": "大庆"
        }],
        "title": "D"
    }, {
        "citys": [{
            "name": "鄂州"
        }, {
            "name": "峨眉"
        }],
        "title": "E"
    }, {
        "citys": [{
            "name": "富县"
        }, {
            "name": "丰城"
        }, {
            "name": "扶余"
        }, {
            "name": "抚州"
        }, {
            "name": "富源"
        }, {
            "name": "枫林"
        }, {
            "name": "佛山"
        }, {
            "name": "抚顺"
        }, {
            "name": "涪陵"
        }, {
            "name": "福州"
        }, {
            "name": "福鼎"
        }, {
            "name": "福山镇"
        }, {
            "name": "阜新"
        }],
        "title": "F"
    }, {
        "citys": [{
            "name": "高碑店"
        }, {
            "name": "巩义"
        }, {
            "name": "盖州"
        }, {
            "name": "瓜州"
        }, {
            "name": "古田"
        }, {
            "name": "贵定"
        }, {
            "name": "高台"
        }, {
            "name": "广州"
        }, {
            "name": "广安"
        }, {
            "name": "贵阳"
        }, {
            "name": "广汉"
        }, {
            "name": "广元"
        }, {
            "name": "官厅"
        }, {
            "name": "古浪"
        }, {
            "name": "桂林"
        }, {
            "name": "高密"
        }, {
            "name": "公主岭"
        }],
        "title": "G"
    }, {
        "citys": [{
            "name": "侯马"
        }, {
            "name": "葫芦岛"
        }, {
            "name": "华容"
        }, {
            "name": "华山"
        }, {
            "name": "惠州"
        }, {
            "name": "衡水"
        }, {
            "name": "邯郸"
        }, {
            "name": "淮南"
        }, {
            "name": "合肥"
        }, {
            "name": "淮北"
        }, {
            "name": "杭州"
        }, {
            "name": "哈尔滨"
        }, {
            "name": "洪洞"
        }, {
            "name": "红安"
        }, {
            "name": "黄冈"
        }, {
            "name": "霍州"
        }, {
            "name": "怀仁"
        }, {
            "name": "海口"
        }, {
            "name": "鹤壁"
        }, {
            "name": "黄山"
        }, {
            "name": "合阳"
        }, {
            "name": "淮安"
        }, {
            "name": "呼和浩特"
        }, {
            "name": "海城"
        }, {
            "name": "衡阳"
        }, {
            "name": "怀化"
        }, {
            "name": "湟源"
        }, {
            "name": "黄陵"
        }, {
            "name": "黄石"
        }, {
            "name": "海宁"
        }, {
            "name": "衡山"
        }],
        "title": "H"
    }, {
        "title": "I"
    }, {
        "citys": [{
            "name": "精河"
        }, {
            "name": "嘉兴"
        }, {
            "name": "晋中"
        }, {
            "name": "进贤"
        }, {
            "name": "缙云"
        }, {
            "name": "金华"
        }, {
            "name": "介休"
        }, {
            "name": "景德镇"
        }, {
            "name": "晋城"
        }, {
            "name": "嘉峪关"
        }, {
            "name": "嘉善"
        }, {
            "name": "胶州"
        }, {
            "name": "绩溪北"
        }, {
            "name": "佳木斯"
        }, {
            "name": "济南"
        }, {
            "name": "蛟河"
        }, {
            "name": "建瓯"
        }, {
            "name": "焦作"
        }, {
            "name": "锦州"
        }, {
            "name": "江油"
        }],
        "title": "J"
    }, {
        "citys": [{
            "name": "昆明"
        }, {
            "name": "昆山"
        }, {
            "name": "开封"
        }, {
            "name": "凯里"
        }, {
            "name": "开原"
        }],
        "title": "K"
    }, {
        "citys": [{
            "name": "柳州"
        }, {
            "name": "鹿寨"
        }, {
            "name": "拉萨"
        }, {
            "name": "漯河"
        }, {
            "name": "凌源"
        }, {
            "name": "娄底"
        }, {
            "name": "来宾"
        }, {
            "name": "临泽"
        }, {
            "name": "耒阳"
        }, {
            "name": "乐都"
        }, {
            "name": "临汾"
        }, {
            "name": "临沂"
        }, {
            "name": "柳园"
        }, {
            "name": "灵石"
        }, {
            "name": "廊坊"
        }, {
            "name": "洛阳"
        }, {
            "name": "梁平"
        }, {
            "name": "乐昌"
        }, {
            "name": "兰州"
        }, {
            "name": "兰考"
        }, {
            "name": "灵宝"
        }, {
            "name": "醴陵"
        }, {
            "name": "莱西"
        }, {
            "name": "连云港"
        }, {
            "name": "隆昌"
        }],
        "title": "L"
    }, {
        "citys": [{
            "name": "民权"
        }, {
            "name": "茂名"
        }, {
            "name": "渑池"
        }, {
            "name": "眉山"
        }, {
            "name": "马鞍山"
        }, {
            "name": "蒙自"
        }, {
            "name": "闽清"
        }, {
            "name": "明港"
        }, {
            "name": "汨罗"
        }, {
            "name": "麻城"
        }],
        "title": "M"
    }, {
        "citys": [{
            "name": "南宁"
        }, {
            "name": "南靖"
        }, {
            "name": "宁东"
        }, {
            "name": "南京"
        }, {
            "name": "南芬"
        }, {
            "name": "南平北"
        }, {
            "name": "南充"
        }, {
            "name": "内江"
        }, {
            "name": "南昌"
        }, {
            "name": "宁波"
        }, {
            "name": "宁强南"
        }],
        "title": "N"
    }, {
        "title": "O"
    }, {
        "citys": [{
            "name": "彭山"
        }, {
            "name": "平安驿"
        }, {
            "name": "平泉"
        }, {
            "name": "普宁"
        }, {
            "name": "平原"
        }, {
            "name": "平遥"
        }, {
            "name": "平凉"
        }, {
            "name": "平顶山"
        }, {
            "name": "蒲城"
        }, {
            "name": "萍乡"
        }],
        "title": "P"
    }, {
        "citys": [{
            "name": "青岛"
        }, {
            "name": "曲靖"
        }, {
            "name": "清远"
        }, {
            "name": "曲阜"
        }, {
            "name": "齐齐哈尔"
        }, {
            "name": "泉州"
        }, {
            "name": "青州市"
        }, {
            "name": "祁县"
        }, {
            "name": "钦州"
        }, {
            "name": "祁东"
        }, {
            "name": "清水"
        }, {
            "name": "祁阳"
        }, {
            "name": "岐山"
        }],
        "title": "Q"
    }, {
        "citys": [{
            "name": "如东"
        }, {
            "name": "瑞昌"
        }, {
            "name": "荣昌"
        }, {
            "name": "日照"
        }],
        "title": "R"
    }, {
        "citys": [{
            "name": "三水"
        }, {
            "name": "上杭"
        }, {
            "name": "上虞"
        }, {
            "name": "鄯善"
        }, {
            "name": "深圳"
        }, {
            "name": "苏州"
        }, {
            "name": "神木"
        }, {
            "name": "三明"
        }, {
            "name": "韶关"
        }, {
            "name": "宿州"
        }, {
            "name": "三门峡"
        }, {
            "name": "邵阳"
        }, {
            "name": "绍兴"
        }, {
            "name": "四平"
        }, {
            "name": "石家庄"
        }, {
            "name": "沈阳"
        }, {
            "name": "韶山"
        }, {
            "name": "山阴"
        }, {
            "name": "歙县"
        }, {
            "name": "龙市"
        }, {
            "name": "石桥"
        }, {
            "name": "石林"
        }, {
            "name": "上海"
        }, {
            "name": "商丘"
        }, {
            "name": "三亚"
        }, {
            "name": "绥中"
        }, {
            "name": "狮山"
        }, {
            "name": "顺德"
        }],
        "title": "S"
    }, {
        "citys": [{
            "name": "桐梓"
        }, {
            "name": "铜陵"
        }, {
            "name": "天门"
        }, {
            "name": "通远堡"
        }, {
            "name": "铁岭"
        }, {
            "name": "田东"
        }, {
            "name": "唐山"
        }, {
            "name": "通辽"
        }, {
            "name": "太原"
        }, {
            "name": "太谷"
        }, {
            "name": "天津"
        }, {
            "name": "天水"
        }, {
            "name": "桃村"
        }, {
            "name": "滕州"
        }, {
            "name": "吐鲁番"
        }, {
            "name": "泰安"
        }, {
            "name": "图们"
        }],
        "title": "T"
    }, {
        "title": "U"
    }, {
        "title": "V"
    }, {
        "citys": [{
            "name": "梧州"
        }, {
            "name": "威海"
        }, {
            "name": "武义"
        }, {
            "name": "温州"
        }, {
            "name": "武威"
        }, {
            "name": "乌海"
        }, {
            "name": "武夷山"
        }, {
            "name": "乌鲁木齐"
        }, {
            "name": "潍坊"
        }, {
            "name": "武昌"
        }, {
            "name": "渭南"
        }, {
            "name": "无锡"
        }, {
            "name": "闻喜"
        }, {
            "name": "万州"
        }],
        "title": "W"
    }, {
        "citys": [{
            "name": "孝感"
        }, {
            "name": "新化"
        }, {
            "name": "咸阳"
        }, {
            "name": "咸宁"
        }, {
            "name": "信阳"
        }, {
            "name": "西安"
        }, {
            "name": "新晃"
        }, {
            "name": "襄阳"
        }, {
            "name": "忻州"
        }, {
            "name": "仙游"
        }, {
            "name": "许昌"
        }, {
            "name": "襄汾"
        }, {
            "name": "溆浦"
        }, {
            "name": "徐州"
        }, {
            "name": "邢台"
        }, {
            "name": "厦门"
        }, {
            "name": "旬阳"
        }, {
            "name": "湘潭"
        }, {
            "name": "修武"
        }, {
            "name": "新乡"
        }, {
            "name": "新余"
        }, {
            "name": "西昌"
        }, {
            "name": "兴安"
        }],
        "title": "X"
    }, {
        "citys": [{
            "name": "玉屏"
        }, {
            "name": "营口"
        }, {
            "name": "鹰潭"
        }, {
            "name": "阳泉"
        }, {
            "name": "义县"
        }, {
            "name": "玉山"
        }, {
            "name": "岳阳"
        }, {
            "name": "永康"
        }, {
            "name": "永川"
        }, {
            "name": "攸县"
        }, {
            "name": "杨陵"
        }, {
            "name": "弋江"
        }, {
            "name": "玉门"
        }, {
            "name": "英德"
        }, {
            "name": "余姚"
        }, {
            "name": "延吉"
        }, {
            "name": "烟台"
        }, {
            "name": "禹城"
        }, {
            "name": "银滩"
        }, {
            "name": "永济"
        }, {
            "name": "宜昌"
        }, {
            "name": "盐城"
        }, {
            "name": "运城"
        }, {
            "name": "宜春"
        }],
        "title": "Y"
    }, {
        "citys": [{
            "name": "株洲"
        }, {
            "name": "卓资东"
        }, {
            "name": "张掖"
        }, {
            "name": "遵义"
        }, {
            "name": "漳州"
        }, {
            "name": "涿州"
        }, {
            "name": "资阳"
        }, {
            "name": "织金"
        }, {
            "name": "郑州"
        }, {
            "name": "淄博"
        }, {
            "name": "资中"
        }, {
            "name": "驻马店"
        }, {
            "name": "枣庄"
        }, {
            "name": "中宁"
        }, {
            "name": "镇江"
        }, {
            "name": "中山"
        }, {
            "name": "湛江"
        }, {
            "name": "珠海"
        }, {
            "name": "肇庆"
        }, {
            "name": "樟树"
        }],
        "title": "Z"
    }],
    "version": 34665
}